relative_path,type,pages,word_count,primary_chapter,text_path
Adam Lane Smith/20 Steps Avoidant Falls in Love - Adam Lane Smith.docx,docx,,9249,"Discernimiento, dating y eleccion de pareja",/Users/pedro/AAQ/output/original_sources/extracted_text/Adam_Lane_Smith_20_Steps_Avoidant_Falls_in_Love_-_Adam_Lane_Smith.docx.txt
Adam Lane Smith/Become Securely Attached in 12 Steps - Adam Lane Smith - Transcript.pdf,pdf,3,1218,Fundamentos del apego adulto,/Users/pedro/AAQ/output/original_sources/extracted_text/Adam_Lane_Smith_Become_Securely_Attached_in_12_Steps_-_Adam_Lane_Smith_-_Transcript.pdf.txt
Adam Lane Smith/Disorganized Attachment - Adam Lane Smith.docx,docx,,5988,Tesis editorial y arquitectura del manual definitivo,/Users/pedro/AAQ/output/original_sources/extracted_text/Adam_Lane_Smith_Disorganized_Attachment_-_Adam_Lane_Smith.docx.txt
Adam Lane Smith/Falling Out of Love - Adam Lane Smith.docx,docx,,8806,"Discernimiento, dating y eleccion de pareja",/Users/pedro/AAQ/output/original_sources/extracted_text/Adam_Lane_Smith_Falling_Out_of_Love_-_Adam_Lane_Smith.docx.txt
Adam Lane Smith/Why Therapy Isnt Fixing Attachment - Adam Lane Smith.docx,docx,,9882,"Discernimiento, dating y eleccion de pareja",/Users/pedro/AAQ/output/original_sources/extracted_text/Adam_Lane_Smith_Why_Therapy_Isnt_Fixing_Attachment_-_Adam_Lane_Smith.docx.txt
Balancing Compassion and Boundaries - Transcript.pdf,pdf,2,723,"Comunicacion, limites, compasion y necesidades",/Users/pedro/AAQ/output/original_sources/extracted_text/Balancing_Compassion_and_Boundaries_-_Transcript.pdf.txt
Becoming an Emotionally Intelligent Masculine Leader - Connor Beaton - Transcript.pdf,pdf,3,1047,"Mecanismos emocionales, corporales y de regulacion",/Users/pedro/AAQ/output/original_sources/extracted_text/Becoming_an_Emotionally_Intelligent_Masculine_Leader_-_Connor_Beaton_-_Transcript.pdf.txt
"Books/Amir_Levine,_Rachel_Heller-Attached__The_New_Science_of_Adult_Attachment_and_How_It_Can_Help_You_Find_–_and_Keep_–_Love__-Penguin_Group_USA_(2010)[1].pdf",pdf,268,63933,Fundamentos del apego adulto,/Users/pedro/AAQ/output/original_sources/extracted_text/Books_Amir_Levine__Rachel_Heller-Attached__The_New_Science_of_Adult_Attachment_and_How_It_Can_Help_You_Find___and_Keep___Love__-Penguin_Group_USA__2010_1_.pdf.txt
Books/Secure Love Introducciontio .pdf,pdf,33,15178,"Comunicacion, limites, compasion y necesidades",/Users/pedro/AAQ/output/original_sources/extracted_text/Books_Secure_Love_Introducciontio_.pdf.txt
HOW TO STOP SETTLING FOR POTENTIAL - Transcript.pdf,pdf,1,303,"Discernimiento, dating y eleccion de pareja",/Users/pedro/AAQ/output/original_sources/extracted_text/HOW_TO_STOP_SETTLING_FOR_POTENTIAL_-_Transcript.pdf.txt
Heidi Priebe/Needs and Feelings as an Avoidant - Heidi Priebe.docx,docx,,9597,"Discernimiento, dating y eleccion de pareja",/Users/pedro/AAQ/output/original_sources/extracted_text/Heidi_Priebe_Needs_and_Feelings_as_an_Avoidant_-_Heidi_Priebe.docx.txt
How Attachment Works - Amir Levine - Transcript.pdf,pdf,5,2671,Fundamentos del apego adulto,/Users/pedro/AAQ/output/original_sources/extracted_text/How_Attachment_Works_-_Amir_Levine_-_Transcript.pdf.txt
How To Stop Feeling Rejected and Start Feeling Secure - Amir Levine - Transcript.pdf,pdf,5,2609,Fundamentos del apego adulto,/Users/pedro/AAQ/output/original_sources/extracted_text/How_To_Stop_Feeling_Rejected_and_Start_Feeling_Secure_-_Amir_Levine_-_Transcript.pdf.txt
How to Move On From Your Ex - Jay Shetty - Transcript.pdf,pdf,2,1202,"Discernimiento, dating y eleccion de pareja",/Users/pedro/AAQ/output/original_sources/extracted_text/How_to_Move_On_From_Your_Ex_-_Jay_Shetty_-_Transcript.pdf.txt
How to NOT get emotionally invested too quickly - nathalie - Transcript espanol-ingles.pdf,pdf,4,2242,"Discernimiento, dating y eleccion de pareja",/Users/pedro/AAQ/output/original_sources/extracted_text/How_to_NOT_get_emotionally_invested_too_quickly_-_nathalie_-_Transcript_espanol-ingles.pdf.txt
How to Transform Your Relationship - Transcript.pdf,pdf,2,1091,"Inner work, identidad y agencia personal",/Users/pedro/AAQ/output/original_sources/extracted_text/How_to_Transform_Your_Relationship_-_Transcript.pdf.txt
"I Don't Want to Have to Ask, I Want Them to Know - Transcript.pdf",pdf,3,1225,"Comunicacion, limites, compasion y necesidades",/Users/pedro/AAQ/output/original_sources/extracted_text/I_Don_t_Want_to_Have_to_Ask_I_Want_Them_to_Know_-_Transcript.pdf.txt
Infants Ainsworth-Patterns-of-Attachment.pdf,pdf,148,67022,Fundamentos del apego adulto,/Users/pedro/AAQ/output/original_sources/extracted_text/Infants_Ainsworth-Patterns-of-Attachment.pdf.txt
Inner Work/1-The-Inner-Work.pdf,pdf,5,1550,"Discernimiento, dating y eleccion de pareja",/Users/pedro/AAQ/output/original_sources/extracted_text/Inner_Work_1-The-Inner-Work.pdf.txt
Inner Work/2-The-Inner-Work-of-Relationships.pdf,pdf,10,3432,"Discernimiento, dating y eleccion de pareja",/Users/pedro/AAQ/output/original_sources/extracted_text/Inner_Work_2-The-Inner-Work-of-Relationships.pdf.txt
Inner Work/Inner-Work-Base-de-Conocimiento.pdf,pdf,20,4725,"Discernimiento, dating y eleccion de pareja",/Users/pedro/AAQ/output/original_sources/extracted_text/Inner_Work_Inner-Work-Base-de-Conocimiento.pdf.txt
Inner Work/Inner_Work_Base_Conocimiento.pdf,pdf,34,15207,"Discernimiento, dating y eleccion de pareja",/Users/pedro/AAQ/output/original_sources/extracted_text/Inner_Work_Inner_Work_Base_Conocimiento.pdf.txt
Inner Work/Inner_Work_Relationships_8Heridas_Plantilla.pdf,pdf,7,3353,Tesis editorial y arquitectura del manual definitivo,/Users/pedro/AAQ/output/original_sources/extracted_text/Inner_Work_Inner_Work_Relationships_8Heridas_Plantilla.pdf.txt
Inner Work/Inner_Work_Relationships_Base_Conocimiento.pdf,pdf,26,9424,Tesis editorial y arquitectura del manual definitivo,/Users/pedro/AAQ/output/original_sources/extracted_text/Inner_Work_Inner_Work_Relationships_Base_Conocimiento.pdf.txt
Julie Menanno/Secure Love Book Club Ch1 - Julie Menanno.docx,docx,,15562,"Comunicacion, limites, compasion y necesidades",/Users/pedro/AAQ/output/original_sources/extracted_text/Julie_Menanno_Secure_Love_Book_Club_Ch1_-_Julie_Menanno.docx.txt
Julie Menanno/Secure Love Book Club Ch2 - Julie Menanno.docx,docx,,13434,"Discernimiento, dating y eleccion de pareja",/Users/pedro/AAQ/output/original_sources/extracted_text/Julie_Menanno_Secure_Love_Book_Club_Ch2_-_Julie_Menanno.docx.txt
Julie Menanno/Secure Love Book Club Ch3 - Julie Menanno.docx,docx,,26114,Consejos y principios para hombres / Masculino,/Users/pedro/AAQ/output/original_sources/extracted_text/Julie_Menanno_Secure_Love_Book_Club_Ch3_-_Julie_Menanno.docx.txt
Julie Menanno/Secure Love Book Club Ch4 - Julie Menanno.docx,docx,,20510,"Discernimiento, dating y eleccion de pareja",/Users/pedro/AAQ/output/original_sources/extracted_text/Julie_Menanno_Secure_Love_Book_Club_Ch4_-_Julie_Menanno.docx.txt
Julie Menanno/Secure Love Book Club Ch5 Parte 1 - Julie Menanno.docx,docx,,20014,"Discernimiento, dating y eleccion de pareja",/Users/pedro/AAQ/output/original_sources/extracted_text/Julie_Menanno_Secure_Love_Book_Club_Ch5_Parte_1_-_Julie_Menanno.docx.txt
Julie Menanno/Secure Love Book Club Ch5 Parte 2 - Julie Menanno.docx,docx,,13698,"Discernimiento, dating y eleccion de pareja",/Users/pedro/AAQ/output/original_sources/extracted_text/Julie_Menanno_Secure_Love_Book_Club_Ch5_Parte_2_-_Julie_Menanno.docx.txt
Julie Menanno/Secure Love Book Club Ch6 - Julie Menanno.docx,docx,,17232,"Discernimiento, dating y eleccion de pareja",/Users/pedro/AAQ/output/original_sources/extracted_text/Julie_Menanno_Secure_Love_Book_Club_Ch6_-_Julie_Menanno.docx.txt
Julie Menanno/Secure Love Book Club Ch7 - Julie Menanno.docx,docx,,18449,"Discernimiento, dating y eleccion de pareja",/Users/pedro/AAQ/output/original_sources/extracted_text/Julie_Menanno_Secure_Love_Book_Club_Ch7_-_Julie_Menanno.docx.txt
Julie Menanno/Secure Love Book Club Ch8 - Julie Menanno.docx,docx,,18898,"Discernimiento, dating y eleccion de pareja",/Users/pedro/AAQ/output/original_sources/extracted_text/Julie_Menanno_Secure_Love_Book_Club_Ch8_-_Julie_Menanno.docx.txt
Julie Menanno/Secure Love Book Club Ch9 - Julie Menanno.docx,docx,,17882,"Discernimiento, dating y eleccion de pareja",/Users/pedro/AAQ/output/original_sources/extracted_text/Julie_Menanno_Secure_Love_Book_Club_Ch9_-_Julie_Menanno.docx.txt
MINDSET when DATING - nathalie - Transcript.pdf,pdf,2,1141,"Discernimiento, dating y eleccion de pareja",/Users/pedro/AAQ/output/original_sources/extracted_text/MINDSET_when_DATING_-_nathalie_-_Transcript.pdf.txt
Old Templates/LONG TEMPLATES .pdf,pdf,65,20473,"Discernimiento, dating y eleccion de pareja",/Users/pedro/AAQ/output/original_sources/extracted_text/Old_Templates_LONG_TEMPLATES_.pdf.txt
Old Templates/LONG_ATRACCION_Polaridad_masculino_femenina.docx,docx,,1372,"Discernimiento, dating y eleccion de pareja",/Users/pedro/AAQ/output/original_sources/extracted_text/Old_Templates_LONG_ATRACCION_Polaridad_masculino_femenina.docx.txt
Old Templates/LONG_IDENTIDAD_Cambio_e_identidad.docx,docx,,1173,"Discernimiento, dating y eleccion de pareja",/Users/pedro/AAQ/output/original_sources/extracted_text/Old_Templates_LONG_IDENTIDAD_Cambio_e_identidad.docx.txt
Old Templates/LONG_RELACION_Dinamicas_de_pareja.docx,docx,,1267,"Ciclo negativo, conflicto y reparacion",/Users/pedro/AAQ/output/original_sources/extracted_text/Old_Templates_LONG_RELACION_Dinamicas_de_pareja.docx.txt
Old Templates/SHORT TEMPLATES (1).pdf,pdf,22,6550,"Discernimiento, dating y eleccion de pareja",/Users/pedro/AAQ/output/original_sources/extracted_text/Old_Templates_SHORT_TEMPLATES_1_.pdf.txt
Old Templates/SHORT_ATRACCION_Polaridad_masculino_femenina.docx,docx,,1058,Consejos y principios para hombres / Masculino,/Users/pedro/AAQ/output/original_sources/extracted_text/Old_Templates_SHORT_ATRACCION_Polaridad_masculino_femenina.docx.txt
Old Templates/SHORT_IDENTIDAD_Cambio_e_identidad.docx,docx,,925,"Discernimiento, dating y eleccion de pareja",/Users/pedro/AAQ/output/original_sources/extracted_text/Old_Templates_SHORT_IDENTIDAD_Cambio_e_identidad.docx.txt
Old Templates/SHORT_RELACION_Dinamicas_de_pareja.docx,docx,,913,"Ciclo negativo, conflicto y reparacion",/Users/pedro/AAQ/output/original_sources/extracted_text/Old_Templates_SHORT_RELACION_Dinamicas_de_pareja.docx.txt
Origin Attachments.pdf,pdf,17,17468,Fundamentos del apego adulto,/Users/pedro/AAQ/output/original_sources/extracted_text/Origin_Attachments.pdf.txt
Papers/HandbookofEmotionRegulation-SecondEdition.pdf,pdf,14,434,"Mecanismos emocionales, corporales y de regulacion",/Users/pedro/AAQ/output/original_sources/extracted_text/Papers_HandbookofEmotionRegulation-SecondEdition.pdf.txt
Papers/influencers_apego.pdf,pdf,3,899,Fundamentos del apego adulto,/Users/pedro/AAQ/output/original_sources/extracted_text/Papers_influencers_apego.pdf.txt
Thais Gibson/Wounded Bird Syndrome - Thais Gibson.docx,docx,,5925,"Comunicacion, limites, compasion y necesidades",/Users/pedro/AAQ/output/original_sources/extracted_text/Thais_Gibson_Wounded_Bird_Syndrome_-_Thais_Gibson.docx.txt
To Anyone Going Through a Breakup - Mel Robbins - Transcript.pdf,pdf,3,1636,"Discernimiento, dating y eleccion de pareja",/Users/pedro/AAQ/output/original_sources/extracted_text/To_Anyone_Going_Through_a_Breakup_-_Mel_Robbins_-_Transcript.pdf.txt
Why You're Struggling to Find Love - Transcript.pdf,pdf,4,2039,"Discernimiento, dating y eleccion de pareja",/Users/pedro/AAQ/output/original_sources/extracted_text/Why_You_re_Struggling_to_Find_Love_-_Transcript.pdf.txt
